[
  {"Title":"Guardians of the Galaxy","Year":"2014","Rated":"PG-13","Released":"01 Aug 2014","Runtime":"121 min","Genre":"Action, Adventure, Sci-Fi","Director":"James Gunn","Writer":"James Gunn, Nicole Perlman, Dan Abnett (based on the Marvel comics by), Andy Lanning (based on the Marvel comics by), Bill Mantlo (character created by: Rocket Raccoon), Keith Giffen (character created by: Rocket Raccoon), Jim Starlin (characters created by: Drax the Destroyer,  Gamora & Thanos), Steve Englehart (character created by: Star-Lord), Steve Gan (character created by: Star-Lord), Steve Gerber (character created by: Howard the Duck), Val Mayerik (character created by: Howard the Duck)","Actors":"Chris Pratt, Zoe Saldana, Dave Bautista, Vin Diesel","Plot":"A group of intergalactic criminals are forced to work together to stop a fanatical warrior from taking control of the universe.","Language":"English","Country":"USA, UK","Awards":"Nominated for 2 Oscars. Another 52 wins & 99 nominations.","Poster":"https://images-na.ssl-images-amazon.com/images/M/MV5BMTAwMjU5OTgxNjZeQTJeQWpwZ15BbWU4MDUxNDYxODEx._V1_SX300.jpg","Ratings":[{"Source":"Internet Movie Database","Value":"8.1/10"},{"Source":"Rotten Tomatoes","Value":"91%"},{"Source":"Metacritic","Value":"76/100"}],"Metascore":"76","imdbRating":"8.1","imdbVotes":"810,234","imdbID":"tt2015381","Type":"movie","DVD":"09 Dec 2014","BoxOffice":"$270,592,504","Production":"Walt Disney Pictures","Website":"http://marvel.com/guardians","Response":"True"},
  {"Title":"Death Note","Year":"2017","Rated":"TV-MA","Released":"25 Aug 2017","Runtime":"101 min","Genre":"Adventure, Crime, Drama","Director":"Adam Wingard","Writer":"Charley Parlapanides (screenplay by), Vlas Parlapanides (screenplay by), Jeremy Slater (screenplay by), Tsugumi Ôba (based on \"Death Note\" by), Takeshi Obata (based on \"Death Note\" by)","Actors":"Nat Wolff, Lakeith Stanfield, Margaret Qualley, Shea Whigham","Plot":"A high school student named Light Turner discovers a mysterious notebook that has the power to kill anyone whose name is written within its pages, and launches a secret crusade to rid the world of criminals.","Language":"English","Country":"USA","Awards":"N/A","Poster":"https://images-na.ssl-images-amazon.com/images/M/MV5BMTUwOTgzMTEyOF5BMl5BanBnXkFtZTgwNTk3MTM5MjI@._V1_SX300.jpg","Ratings":[{"Source":"Internet Movie Database","Value":"4.6/10"},{"Source":"Rotten Tomatoes","Value":"39%"},{"Source":"Metacritic","Value":"43/100"}],"Metascore":"43","imdbRating":"4.6","imdbVotes":"53,020","imdbID":"tt1241317","Type":"movie","DVD":"25 Aug 2017","BoxOffice":"N/A","Production":"Vertigo Entertainment","Website":"N/A","Response":"True"},
  {"Title":"The Invisible Guest","Year":"2016","Rated":"N/A","Released":"06 Jan 2017","Runtime":"106 min","Genre":"Crime, Mystery, Thriller","Director":"Oriol Paulo","Writer":"Oriol Paulo","Actors":"Mario Casas, Ana Wagener, José Coronado, Bárbara Lennie","Plot":"While the clock is ticking, with the aid of a witness preparation expert, a successful entrepreneur accused of murder has less than three hours to come up with an impregnable defence.","Language":"Spanish","Country":"Spain","Awards":"1 win & 2 nominations.","Poster":"https://images-na.ssl-images-amazon.com/images/M/MV5BOTEwYTkzMTMtODEzNC00YWM2LTgxNDMtZWNkNTQzNDVjMWQ2L2ltYWdlL2ltYWdlXkEyXkFqcGdeQXVyMDY4NTQ1MA@@._V1_SX300.jpg","Ratings":[{"Source":"Internet Movie Database","Value":"8.1/10"}],"Metascore":"N/A","imdbRating":"8.1","imdbVotes":"43,952","imdbID":"tt4857264","Type":"movie","DVD":"N/A","BoxOffice":"N/A","Production":"N/A","Website":"N/A","Response":"True"},
  {"Title":"Star Trek","Year":"2009","Rated":"PG-13","Released":"08 May 2009","Runtime":"127 min","Genre":"Action, Adventure, Sci-Fi","Director":"J.J. Abrams","Writer":"Roberto Orci, Alex Kurtzman, Gene Roddenberry (television series \"Star Trek\")","Actors":"Chris Pine, Zachary Quinto, Leonard Nimoy, Eric Bana","Plot":"The brash James T. Kirk tries to live up to his father's legacy with Mr. Spock keeping him in check as a vengeful Romulan from the future creates black holes to destroy the Federation one planet at a time.","Language":"English","Country":"USA, Germany","Awards":"Won 1 Oscar. Another 23 wins & 92 nominations.","Poster":"https://images-na.ssl-images-amazon.com/images/M/MV5BMjE5NDQ5OTE4Ml5BMl5BanBnXkFtZTcwOTE3NDIzMw@@._V1_SX300.jpg","Ratings":[{"Source":"Internet Movie Database","Value":"8.0/10"},{"Source":"Rotten Tomatoes","Value":"94%"},{"Source":"Metacritic","Value":"82/100"}],"Metascore":"82","imdbRating":"8.0","imdbVotes":"536,048","imdbID":"tt0796366","Type":"movie","DVD":"17 Nov 2009","BoxOffice":"$257,704,099","Production":"IMAX","Website":"http://www.startrekmovie.com/","Response":"True"},
  {"Title":"Star Wars: Episode I - The Phantom Menace","Year":"1999","Rated":"PG","Released":"19 May 1999","Runtime":"136 min","Genre":"Action, Adventure, Fantasy","Director":"George Lucas","Writer":"George Lucas","Actors":"Liam Neeson, Ewan McGregor, Natalie Portman, Jake Lloyd","Plot":"Two Jedi Knights escape a hostile blockade to find allies and come across a young boy who may bring balance to the Force, but the long dormant Sith resurface to claim their old glory.","Language":"English","Country":"USA","Awards":"Nominated for 3 Oscars. Another 26 wins & 62 nominations.","Poster":"https://images-na.ssl-images-amazon.com/images/M/MV5BYTRhNjcwNWQtMGJmMi00NmQyLWE2YzItODVmMTdjNWI0ZDA2XkEyXkFqcGdeQXVyNTAyODkwOQ@@._V1_SX300.jpg","Ratings":[{"Source":"Internet Movie Database","Value":"6.5/10"},{"Source":"Rotten Tomatoes","Value":"55%"},{"Source":"Metacritic","Value":"51/100"}],"Metascore":"51","imdbRating":"6.5","imdbVotes":"603,529","imdbID":"tt0120915","Type":"movie","DVD":"16 Oct 2001","BoxOffice":"$431,000,000","Production":"20th Century Fox","Website":"http://www.starwars.com/episode-i/","Response":"True"},
  {"Title":"Star Wars: Episode IV - A New Hope","Year":"1977","Rated":"PG","Released":"25 May 1977","Runtime":"121 min","Genre":"Action, Adventure, Fantasy","Director":"George Lucas","Writer":"George Lucas","Actors":"Mark Hamill, Harrison Ford, Carrie Fisher, Peter Cushing","Plot":"Luke Skywalker joins forces with a Jedi Knight, a cocky pilot, a Wookiee and two droids to save the galaxy from the Empire's world-destroying battle-station while also attempting to rescue Princess Leia from the evil Darth Vader.","Language":"English","Country":"USA","Awards":"Won 6 Oscars. Another 50 wins & 28 nominations.","Poster":"https://images-na.ssl-images-amazon.com/images/M/MV5BNzVlY2MwMjktM2E4OS00Y2Y3LWE3ZjctYzhkZGM3YzA1ZWM2XkEyXkFqcGdeQXVyNzkwMjQ5NzM@._V1_SX300.jpg","Ratings":[{"Source":"Internet Movie Database","Value":"8.7/10"},{"Source":"Rotten Tomatoes","Value":"93%"},{"Source":"Metacritic","Value":"90/100"}],"Metascore":"90","imdbRating":"8.7","imdbVotes":"1,029,576","imdbID":"tt0076759","Type":"movie","DVD":"21 Sep 2004","BoxOffice":"N/A","Production":"20th Century Fox","Website":"http://www.starwars.com/episode-iv/","Response":"True"},
  {"Title":"Star Wars: Episode V - The Empire Strikes Back","Year":"1980","Rated":"PG","Released":"20 Jun 1980","Runtime":"124 min","Genre":"Action, Adventure, Fantasy","Director":"Irvin Kershner","Writer":"Leigh Brackett (screenplay by), Lawrence Kasdan (screenplay by), George Lucas (story by)","Actors":"Mark Hamill, Harrison Ford, Carrie Fisher, Billy Dee Williams","Plot":"After the rebels are overpowered by the Empire on the ice planet Hoth, Luke Skywalker begins Jedi training with Yoda. His friends accept shelter from a questionable ally as Darth Vader hunts them in a plan to capture Luke.","Language":"English","Country":"USA","Awards":"Won 1 Oscar. Another 21 wins & 19 nominations.","Poster":"https://images-na.ssl-images-amazon.com/images/M/MV5BYmU1NDRjNDgtMzhiMi00NjZmLTg5NGItZDNiZjU5NTU4OTE0XkEyXkFqcGdeQXVyNzkwMjQ5NzM@._V1_SX300.jpg","Ratings":[{"Source":"Internet Movie Database","Value":"8.8/10"},{"Source":"Rotten Tomatoes","Value":"94%"},{"Source":"Metacritic","Value":"82/100"}],"Metascore":"82","imdbRating":"8.8","imdbVotes":"949,739","imdbID":"tt0080684","Type":"movie","DVD":"21 Sep 2004","BoxOffice":"$4,548,170","Production":"Twentieth Century Fox","Website":"http://www.starwars.com/episode-v/","Response":"True"},
  {"Title":"Star Wars: Episode VI - Return of the Jedi","Year":"1983","Rated":"PG","Released":"25 May 1983","Runtime":"131 min","Genre":"Action, Adventure, Fantasy","Director":"Richard Marquand","Writer":"Lawrence Kasdan (screenplay by), George Lucas (screenplay by), George Lucas (story by)","Actors":"Mark Hamill, Harrison Ford, Carrie Fisher, Billy Dee Williams","Plot":"After a daring mission to rescue Han Solo from Jabba the Hutt, the rebels dispatch to Endor to destroy a more powerful Death Star. Meanwhile, Luke struggles to help Vader back from the dark side without falling into the Emperor's trap.","Language":"English","Country":"USA","Awards":"Nominated for 4 Oscars. Another 20 wins & 16 nominations.","Poster":"https://images-na.ssl-images-amazon.com/images/M/MV5BOWZlMjFiYzgtMTUzNC00Y2IzLTk1NTMtZmNhMTczNTk0ODk1XkEyXkFqcGdeQXVyNTAyODkwOQ@@._V1_SX300.jpg","Ratings":[{"Source":"Internet Movie Database","Value":"8.4/10"},{"Source":"Rotten Tomatoes","Value":"80%"},{"Source":"Metacritic","Value":"58/100"}],"Metascore":"58","imdbRating":"8.4","imdbVotes":"783,095","imdbID":"tt0086190","Type":"movie","DVD":"12 Sep 2006","BoxOffice":"N/A","Production":"Twentieth Century Fox","Website":"http://www.starwars.com/episode-vi/","Response":"True"},
  {"Title":"Star Wars: The Force Awakens","Year":"2015","Rated":"PG-13","Released":"18 Dec 2015","Runtime":"136 min","Genre":"Action, Adventure, Fantasy","Director":"J.J. Abrams","Writer":"Lawrence Kasdan, J.J. Abrams, Michael Arndt, George Lucas (based on characters created by)","Actors":"Harrison Ford, Mark Hamill, Carrie Fisher, Adam Driver","Plot":"Three decades after the Empire's defeat, a new threat arises in the militant First Order. Stormtrooper defector Finn and the scavenger Rey are caught up in the Resistance's search for the missing Luke Skywalker.","Language":"English","Country":"USA","Awards":"Nominated for 5 Oscars. Another 57 wins & 123 nominations.","Poster":"https://images-na.ssl-images-amazon.com/images/M/MV5BOTAzODEzNDAzMl5BMl5BanBnXkFtZTgwMDU1MTgzNzE@._V1_SX300.jpg","Ratings":[{"Source":"Internet Movie Database","Value":"8.0/10"},{"Source":"Rotten Tomatoes","Value":"93%"},{"Source":"Metacritic","Value":"81/100"}],"Metascore":"81","imdbRating":"8.0","imdbVotes":"721,459","imdbID":"tt2488496","Type":"movie","DVD":"05 Apr 2016","BoxOffice":"$936,658,640","Production":"Walt Disney Pictures","Website":"http://starwars.com/","Response":"True"},
  {"Title":"Star Wars: Episode III - Revenge of the Sith","Year":"2005","Rated":"PG-13","Released":"19 May 2005","Runtime":"140 min","Genre":"Action, Adventure, Fantasy","Director":"George Lucas","Writer":"George Lucas","Actors":"Ewan McGregor, Natalie Portman, Hayden Christensen, Ian McDiarmid","Plot":"Three years into the Clone Wars, the Jedi rescue Palpatine from Count Dooku. As Obi-Wan pursues a new threat, Anakin acts as a double agent between the Jedi Council and Palpatine and is lured into a sinister plan to rule the galaxy.","Language":"English","Country":"USA","Awards":"Nominated for 1 Oscar. Another 25 wins & 56 nominations.","Poster":"https://images-na.ssl-images-amazon.com/images/M/MV5BNTc4MTc3NTQ5OF5BMl5BanBnXkFtZTcwOTg0NjI4NA@@._V1_SX300.jpg","Ratings":[{"Source":"Internet Movie Database","Value":"7.6/10"},{"Source":"Rotten Tomatoes","Value":"79%"},{"Source":"Metacritic","Value":"68/100"}],"Metascore":"68","imdbRating":"7.6","imdbVotes":"586,855","imdbID":"tt0121766","Type":"movie","DVD":"01 Nov 2005","BoxOffice":"N/A","Production":"20th Century Fox","Website":"http://www.starwars.com/","Response":"True"},
  {"Title":"Star Wars: Episode II - Attack of the Clones","Year":"2002","Rated":"PG","Released":"16 May 2002","Runtime":"142 min","Genre":"Action, Adventure, Fantasy","Director":"George Lucas","Writer":"George Lucas (screenplay by), Jonathan Hales (screenplay by), George Lucas (story by)","Actors":"Ewan McGregor, Natalie Portman, Hayden Christensen, Christopher Lee","Plot":"Ten years after initially meeting, Anakin Skywalker shares a forbidden romance with Padme Amidala, while Obi-Wan investigates an assassination attempt on the senator and discovers a secret clone army crafted for the Jedi.","Language":"English","Country":"USA","Awards":"Nominated for 1 Oscar. Another 16 wins & 58 nominations.","Poster":"https://images-na.ssl-images-amazon.com/images/M/MV5BOWNkZmVjODAtNTFlYy00NTQwLWJhY2UtMmFmZTkyOWJmZjZiL2ltYWdlL2ltYWdlXkEyXkFqcGdeQXVyNDUzOTQ5MjY@._V1_SX300.jpg","Ratings":[{"Source":"Internet Movie Database","Value":"6.6/10"},{"Source":"Rotten Tomatoes","Value":"66%"},{"Source":"Metacritic","Value":"54/100"}],"Metascore":"54","imdbRating":"6.6","imdbVotes":"524,592","imdbID":"tt0121765","Type":"movie","DVD":"12 Nov 2002","BoxOffice":"$307,900,000","Production":"20th Century Fox","Website":"http://www.starwars.com/episode-ii/","Response":"True"},
  {"Title":"Rogue One: A Star Wars Story","Year":"2016","Rated":"PG-13","Released":"16 Dec 2016","Runtime":"133 min","Genre":"Action, Adventure, Sci-Fi","Director":"Gareth Edwards","Writer":"Chris Weitz (screenplay by), Tony Gilroy (screenplay by), John Knoll (story by), Gary Whitta (story by), George Lucas (based on characters created by)","Actors":"Felicity Jones, Diego Luna, Alan Tudyk, Donnie Yen","Plot":"The daughter of an Imperial scientist joins the Rebel Alliance in a risky move to steal the Death Star plans.","Language":"English","Country":"USA","Awards":"Nominated for 2 Oscars. Another 23 wins & 78 nominations.","Poster":"https://images-na.ssl-images-amazon.com/images/M/MV5BMjEwMzMxODIzOV5BMl5BanBnXkFtZTgwNzg3OTAzMDI@._V1_SX300.jpg","Ratings":[{"Source":"Internet Movie Database","Value":"7.8/10"},{"Source":"Rotten Tomatoes","Value":"85%"},{"Source":"Metacritic","Value":"65/100"}],"Metascore":"65","imdbRating":"7.8","imdbVotes":"400,973","imdbID":"tt3748528","Type":"movie","DVD":"04 Apr 2017","BoxOffice":"$532,171,696","Production":"Walt Disney Pictures","Website":"http://www.starwars.com/","Response":"True"},
  {"Title":"True Lies","Year":"1994","Rated":"R","Released":"15 Jul 1994","Runtime":"141 min","Genre":"Action, Comedy, Thriller","Director":"James Cameron","Writer":"Claude Zidi (screenplay \"La Totale!\"), Simon Michaël (screenplay \"La Totale!\"), Didier Kaminka (screenplay \"La Totale!\"), James Cameron (screenplay)","Actors":"Arnold Schwarzenegger, Jamie Lee Curtis, Tom Arnold, Bill Paxton","Plot":"A fearless, globe-trotting, terrorist-battling secret agent has his life turned upside down when he discovers his wife might be having an affair with a used car salesman while terrorists smuggle nuclear war heads into the United States.","Language":"English, French, Arabic, German","Country":"USA","Awards":"Nominated for 1 Oscar. Another 7 wins & 19 nominations.","Poster":"https://images-na.ssl-images-amazon.com/images/M/MV5BYzg5YmUyNGMtMThiNS00MjA2LTgwZDctNDlhM2RkZDNmZmRkXkEyXkFqcGdeQXVyNDk3NzU2MTQ@._V1_SX300.jpg","Ratings":[{"Source":"Internet Movie Database","Value":"7.2/10"},{"Source":"Rotten Tomatoes","Value":"72%"},{"Source":"Metacritic","Value":"63/100"}],"Metascore":"63","imdbRating":"7.2","imdbVotes":"205,705","imdbID":"tt0111503","Type":"movie","DVD":"25 May 1999","BoxOffice":"N/A","Production":"20th Century Fox","Website":"N/A","Response":"True"},
  {"Title":"True Detective","Year":"2014–","Rated":"TV-MA","Released":"12 Jan 2014","Runtime":"55 min","Genre":"Crime, Drama, Mystery","Director":"N/A","Writer":"Nic Pizzolatto","Actors":"Matthew McConaughey, Colin Farrell, Woody Harrelson, Rachel McAdams","Plot":"Seasonal anthology series in which police investigations unearth the personal and professional secrets of those involved, both within and outside the law.","Language":"English","Country":"USA","Awards":"Nominated for 4 Golden Globes. Another 30 wins & 56 nominations.","Poster":"https://images-na.ssl-images-amazon.com/images/M/MV5BMmRlYmE0Y2UtNDk2Yi00NzczLWEwZTEtZmE2OTcyYzcxYmU5XkEyXkFqcGdeQXVyNTMxMjgxMzA@._V1_SX300.jpg","Ratings":[{"Source":"Internet Movie Database","Value":"9.0/10"}],"Metascore":"N/A","imdbRating":"9.0","imdbVotes":"383,982","imdbID":"tt2356777","Type":"series","totalSeasons":"3","Response":"True"},
  {"Title":"True Blood","Year":"2008–2014","Rated":"TV-MA","Released":"07 Sep 2008","Runtime":"55 min","Genre":"Drama, Fantasy, Mystery","Director":"N/A","Writer":"Alan Ball","Actors":"Anna Paquin, Stephen Moyer, Sam Trammell, Ryan Kwanten","Plot":"Telepathic waitress Sookie Stackhouse encounters a strange new supernatural world when she meets the mysterious Bill, a southern Louisiana gentleman and vampire.","Language":"English, German, Swedish, Russian","Country":"USA","Awards":"Won 1 Golden Globe. Another 36 wins & 155 nominations.","Poster":"https://images-na.ssl-images-amazon.com/images/M/MV5BMDVjZDQ2N2MtMzMxYy00ZjliLTg5YjAtNjk1OTUwYjVjNWQ0XkEyXkFqcGdeQXVyNzA5NjUyNjM@._V1_SX300.jpg","Ratings":[{"Source":"Internet Movie Database","Value":"7.9/10"}],"Metascore":"N/A","imdbRating":"7.9","imdbVotes":"211,949","imdbID":"tt0844441","Type":"series","totalSeasons":"7","Response":"True"},
  {"Title":"Game of Thrones","Year":"2011–","Rated":"TV-MA","Released":"17 Apr 2011","Runtime":"57 min","Genre":"Adventure, Drama, Fantasy","Director":"N/A","Writer":"David Benioff, D.B. Weiss","Actors":"Peter Dinklage, Lena Headey, Emilia Clarke, Kit Harington","Plot":"Nine noble families fight for control over the mythical lands of Westeros, while a forgotten race returns after being dormant for thousands of years.","Language":"English","Country":"USA, UK","Awards":"Won 1 Golden Globe. Another 253 wins & 441 nominations.","Poster":"https://images-na.ssl-images-amazon.com/images/M/MV5BMjE3NTQ1NDg1Ml5BMl5BanBnXkFtZTgwNzY2NDA0MjI@._V1_SX300.jpg","Ratings":[{"Source":"Internet Movie Database","Value":"9.5/10"}],"Metascore":"N/A","imdbRating":"9.5","imdbVotes":"1,268,485","imdbID":"tt0944947","Type":"series","totalSeasons":"8","Response":"True"},
  {"Title":"The Imitation Game","Year":"2014","Rated":"PG-13","Released":"25 Dec 2014","Runtime":"114 min","Genre":"Biography, Drama, History","Director":"Morten Tyldum","Writer":"Graham Moore, Andrew Hodges (book)","Actors":"Benedict Cumberbatch, Keira Knightley, Matthew Goode, Rory Kinnear","Plot":"During World War II, the English mathematical genius Alan Turing tries to crack the German Enigma code with help from fellow mathematicians.","Language":"English, German","Country":"UK, USA","Awards":"Won 1 Oscar. Another 46 wins & 155 nominations.","Poster":"https://images-na.ssl-images-amazon.com/images/M/MV5BOTgwMzFiMWYtZDhlNS00ODNkLWJiODAtZDVhNzgyNzJhYjQ4L2ltYWdlXkEyXkFqcGdeQXVyNzEzOTYxNTQ@._V1_SX300.jpg","Ratings":[{"Source":"Internet Movie Database","Value":"8.0/10"},{"Source":"Rotten Tomatoes","Value":"91%"},{"Source":"Metacritic","Value":"73/100"}],"Metascore":"73","imdbRating":"8.0","imdbVotes":"558,463","imdbID":"tt2084970","Type":"movie","DVD":"31 Mar 2015","BoxOffice":"N/A","Production":"The Weinstein Company","Website":"http://theimitationgamemovie.com/","Response":"True"},
  {"Title":"Sherlock Holmes: A Game of Shadows","Year":"2011","Rated":"PG-13","Released":"16 Dec 2011","Runtime":"129 min","Genre":"Action, Adventure, Crime","Director":"Guy Ritchie","Writer":"Michele Mulroney, Kieran Mulroney, Arthur Conan Doyle (characters: Sherlock Holmes,  Dr. Watson)","Actors":"Robert Downey Jr., Jude Law, Noomi Rapace, Rachel McAdams","Plot":"Sherlock Holmes and his sidekick Dr. Watson join forces to outwit and bring down their fiercest adversary, Professor Moriarty.","Language":"English, French, Italian, German, Romany","Country":"USA","Awards":"3 wins & 11 nominations.","Poster":"https://images-na.ssl-images-amazon.com/images/M/MV5BMTQwMzQ5Njk1MF5BMl5BanBnXkFtZTcwNjIxNzIxNw@@._V1_SX300.jpg","Ratings":[{"Source":"Internet Movie Database","Value":"7.5/10"},{"Source":"Rotten Tomatoes","Value":"59%"},{"Source":"Metacritic","Value":"48/100"}],"Metascore":"48","imdbRating":"7.5","imdbVotes":"370,425","imdbID":"tt1515091","Type":"movie","DVD":"12 Jun 2012","BoxOffice":"$186,830,669","Production":"Warner Bros. Pictures","Website":"http://www.sherlockholmes2.com","Response":"True"},
  {"Title":"The Game","Year":"1997","Rated":"R","Released":"12 Sep 1997","Runtime":"129 min","Genre":"Drama, Mystery, Thriller","Director":"David Fincher","Writer":"John Brancato, Michael Ferris","Actors":"Michael Douglas, Sean Penn, Deborah Kara Unger, James Rebhorn","Plot":"After a wealthy banker is given an opportunity to participate in a mysterious game, his life is turned upside down when he becomes unable to distinguish between the game and reality.","Language":"English, Cantonese, German","Country":"USA","Awards":"1 nomination.","Poster":"https://images-na.ssl-images-amazon.com/images/M/MV5BZGVmMDNmYmEtNGQ2Mi00Y2ZhLThhZTYtYjE5YmQzMjZiZGMxXkEyXkFqcGdeQXVyNDk3NzU2MTQ@._V1_SX300.jpg","Ratings":[{"Source":"Internet Movie Database","Value":"7.8/10"},{"Source":"Rotten Tomatoes","Value":"72%"},{"Source":"Metacritic","Value":"61/100"}],"Metascore":"61","imdbRating":"7.8","imdbVotes":"289,576","imdbID":"tt0119174","Type":"movie","DVD":"06 Jun 2000","BoxOffice":"N/A","Production":"Universal Pictures","Website":"N/A","Response":"True"},
  {"Title":"Spy Game","Year":"2001","Rated":"R","Released":"21 Nov 2001","Runtime":"126 min","Genre":"Action, Crime, Thriller","Director":"Tony Scott","Writer":"Michael Frost Beckner (story), Michael Frost Beckner (screenplay), David Arata (screenplay)","Actors":"Robert Redford, Brad Pitt, Catherine McCormack, Stephen Dillane","Plot":"Retiring CIA agent Nathan Muir recalls his training of Tom Bishop while working against agency politics to free him from his Chinese captors.","Language":"English, German, Arabic, French, Cantonese","Country":"Germany, USA, Japan, France","Awards":"3 nominations.","Poster":"https://images-na.ssl-images-amazon.com/images/M/MV5BNjNhOGZkNzktMGU3NC00ODk2LWE4NjctZTliN2JjZTQxZmIxXkEyXkFqcGdeQXVyNDk3NzU2MTQ@._V1_SX300.jpg","Ratings":[{"Source":"Internet Movie Database","Value":"7.1/10"},{"Source":"Rotten Tomatoes","Value":"66%"},{"Source":"Metacritic","Value":"63/100"}],"Metascore":"63","imdbRating":"7.1","imdbVotes":"128,580","imdbID":"tt0266987","Type":"movie","DVD":"16 Apr 2002","BoxOffice":"$62,326,785","Production":"Universal Pictures","Website":"http://www.thespygame.net","Response":"True"},
  {"Title":"Harry Potter and the Deathly Hallows: Part 2","Year":"2011","Rated":"PG-13","Released":"15 Jul 2011","Runtime":"130 min","Genre":"Adventure, Drama, Fantasy","Director":"David Yates","Writer":"Steve Kloves (screenplay), J.K. Rowling (novel)","Actors":"Ralph Fiennes, Michael Gambon, Alan Rickman, Daniel Radcliffe","Plot":"Harry, Ron, and Hermione search for Voldemort's remaining Horcruxes in their effort to destroy the Dark Lord as the final battle rages on at Hogwarts.","Language":"English","Country":"USA, UK","Awards":"Nominated for 3 Oscars. Another 45 wins & 92 nominations.","Poster":"https://images-na.ssl-images-amazon.com/images/M/MV5BMjIyZGU4YzUtNDkzYi00ZDRhLTljYzctYTMxMDQ4M2E0Y2YxXkEyXkFqcGdeQXVyNTIzOTk5ODM@._V1_SX300.jpg","Ratings":[{"Source":"Internet Movie Database","Value":"8.1/10"},{"Source":"Rotten Tomatoes","Value":"96%"},{"Source":"Metacritic","Value":"87/100"}],"Metascore":"87","imdbRating":"8.1","imdbVotes":"619,955","imdbID":"tt1201607","Type":"movie","DVD":"11 Nov 2011","BoxOffice":"$381,000,185","Production":"Warner Bros. Pictures","Website":"http://www.HarryPotter.com/","Response":"True"},
  {"Title":"Harry Potter and the Sorcerer's Stone","Year":"2001","Rated":"PG","Released":"16 Nov 2001","Runtime":"152 min","Genre":"Adventure, Family, Fantasy","Director":"Chris Columbus","Writer":"J.K. Rowling (novel), Steve Kloves (screenplay)","Actors":"Richard Harris, Maggie Smith, Robbie Coltrane, Saunders Triplets","Plot":"Rescued from the outrageous neglect of his aunt and uncle, a young boy with a great destiny proves his worth while attending Hogwarts School of Witchcraft and Wizardry.","Language":"English","Country":"UK, USA","Awards":"Nominated for 3 Oscars. Another 17 wins & 62 nominations.","Poster":"https://images-na.ssl-images-amazon.com/images/M/MV5BNjQ3NWNlNmQtMTE5ZS00MDdmLTlkZjUtZTBlM2UxMGFiMTU3XkEyXkFqcGdeQXVyNjUwNzk3NDc@._V1_SX300.jpg","Ratings":[{"Source":"Internet Movie Database","Value":"7.6/10"},{"Source":"Rotten Tomatoes","Value":"80%"},{"Source":"Metacritic","Value":"64/100"}],"Metascore":"64","imdbRating":"7.6","imdbVotes":"510,961","imdbID":"tt0241527","Type":"movie","DVD":"28 May 2002","BoxOffice":"$317,557,891","Production":"Warner Bros. Pictures","Website":"http://movies.warnerbros.com/awards/harry.html","Response":"True"},
  {"Title":"Harry Potter and the Chamber of Secrets","Year":"2002","Rated":"PG","Released":"15 Nov 2002","Runtime":"161 min","Genre":"Adventure, Family, Fantasy","Director":"Chris Columbus","Writer":"J.K. Rowling (novel), Steve Kloves (screenplay)","Actors":"Daniel Radcliffe, Rupert Grint, Emma Watson, Richard Griffiths","Plot":"Harry ignores warnings not to return to Hogwarts, only to find the school plagued by a series of mysterious attacks and a strange voice haunting him.","Language":"English","Country":"UK, USA, Germany","Awards":"Nominated for 3 BAFTA Film Awards. Another 11 wins & 42 nominations.","Poster":"https://images-na.ssl-images-amazon.com/images/M/MV5BMTcxODgwMDkxNV5BMl5BanBnXkFtZTYwMDk2MDg3._V1_SX300.jpg","Ratings":[{"Source":"Internet Movie Database","Value":"7.4/10"},{"Source":"Rotten Tomatoes","Value":"82%"},{"Source":"Metacritic","Value":"63/100"}],"Metascore":"63","imdbRating":"7.4","imdbVotes":"440,225","imdbID":"tt0295297","Type":"movie","DVD":"11 Apr 2003","BoxOffice":"$261,835,892","Production":"Warner Bros. Pictures","Website":"http://harrypotter.warnerbros.com/","Response":"True"},
  {"Title":"Harry Potter and the Goblet of Fire","Year":"2005","Rated":"PG-13","Released":"18 Nov 2005","Runtime":"157 min","Genre":"Adventure, Family, Fantasy","Director":"Mike Newell","Writer":"Steve Kloves (screenplay), J.K. Rowling (novel)","Actors":"Eric Sykes, Timothy Spall, David Tennant, Daniel Radcliffe","Plot":"A young wizard finds himself competing in a hazardous tournament between rival schools of magic, but he is distracted by recurring nightmares.","Language":"English, French","Country":"UK, USA","Awards":"Nominated for 1 Oscar. Another 13 wins & 42 nominations.","Poster":"https://images-na.ssl-images-amazon.com/images/M/MV5BMTI1NDMyMjExOF5BMl5BanBnXkFtZTcwOTc4MjQzMQ@@._V1_SX300.jpg","Ratings":[{"Source":"Internet Movie Database","Value":"7.7/10"},{"Source":"Rotten Tomatoes","Value":"88%"},{"Source":"Metacritic","Value":"81/100"}],"Metascore":"81","imdbRating":"7.7","imdbVotes":"439,303","imdbID":"tt0330373","Type":"movie","DVD":"07 Mar 2006","BoxOffice":"$289,994,397","Production":"Warner Bros. Pictures","Website":"http://harrypotter.warnerbros.com/gobletoffire/","Response":"True"},
  {"Title":"Harry Potter and the Prisoner of Azkaban","Year":"2004","Rated":"PG","Released":"04 Jun 2004","Runtime":"142 min","Genre":"Adventure, Family, Fantasy","Director":"Alfonso Cuarón","Writer":"J.K. Rowling (novel), Steve Kloves (screenplay)","Actors":"Daniel Radcliffe, Richard Griffiths, Pam Ferris, Fiona Shaw","Plot":"It's Harry's third year at Hogwarts; not only does he have a new \"Defense Against the Dark Arts\" teacher, but there is also trouble brewing. Convicted murderer Sirius Black has escaped the Wizards' Prison and is coming after Harry.","Language":"English","Country":"UK, USA","Awards":"Nominated for 2 Oscars. Another 14 wins & 45 nominations.","Poster":"https://images-na.ssl-images-amazon.com/images/M/MV5BMTY4NTIwODg0N15BMl5BanBnXkFtZTcwOTc0MjEzMw@@._V1_SX300.jpg","Ratings":[{"Source":"Internet Movie Database","Value":"7.8/10"},{"Source":"Rotten Tomatoes","Value":"91%"},{"Source":"Metacritic","Value":"82/100"}],"Metascore":"82","imdbRating":"7.8","imdbVotes":"435,161","imdbID":"tt0304141","Type":"movie","DVD":"22 Nov 2004","BoxOffice":"$249,358,727","Production":"Warner Bros. Pictures","Website":"http://azkaban.warnerbros.com/","Response":"True"},
  {"Title":"Harry Potter and the Order of the Phoenix","Year":"2007","Rated":"PG-13","Released":"11 Jul 2007","Runtime":"138 min","Genre":"Adventure, Family, Fantasy","Director":"David Yates","Writer":"Michael Goldenberg (screenplay), J.K. Rowling (novel)","Actors":"Daniel Radcliffe, Harry Melling, Jason Boyd, Richard Macklin","Plot":"With their warning about Lord Voldemort's return scoffed at, Harry and Dumbledore are targeted by the Wizard authorities as an authoritarian bureaucrat slowly seizes power at Hogwarts.","Language":"English","Country":"UK, USA","Awards":"Nominated for 2 BAFTA Film Awards. Another 14 wins & 40 nominations.","Poster":"https://images-na.ssl-images-amazon.com/images/M/MV5BMTM0NTczMTUzOV5BMl5BanBnXkFtZTYwMzIxNTg3._V1_SX300.jpg","Ratings":[{"Source":"Internet Movie Database","Value":"7.5/10"},{"Source":"Rotten Tomatoes","Value":"78%"},{"Source":"Metacritic","Value":"71/100"}],"Metascore":"71","imdbRating":"7.5","imdbVotes":"404,825","imdbID":"tt0373889","Type":"movie","DVD":"11 Nov 2007","BoxOffice":"$291,980,108","Production":"Warner Bros. Pictures","Website":"http://www.harrypotterorderofthephoenix.com/","Response":"True"},
  {"Title":"Harry Potter and the Deathly Hallows: Part 1","Year":"2010","Rated":"PG-13","Released":"19 Nov 2010","Runtime":"146 min","Genre":"Adventure, Family, Fantasy","Director":"David Yates","Writer":"Steve Kloves (screenplay), J.K. Rowling (novel)","Actors":"Bill Nighy, Emma Watson, Richard Griffiths, Harry Melling","Plot":"As Harry races against time and evil to destroy the Horcruxes, he uncovers the existence of three most powerful objects in the wizarding world: the Deathly Hallows.","Language":"English","Country":"UK, USA","Awards":"Nominated for 2 Oscars. Another 16 wins & 53 nominations.","Poster":"https://images-na.ssl-images-amazon.com/images/M/MV5BMTQ2OTE1Mjk0N15BMl5BanBnXkFtZTcwODE3MDAwNA@@._V1_SX300.jpg","Ratings":[{"Source":"Internet Movie Database","Value":"7.7/10"},{"Source":"Rotten Tomatoes","Value":"78%"},{"Source":"Metacritic","Value":"65/100"}],"Metascore":"65","imdbRating":"7.7","imdbVotes":"378,971","imdbID":"tt0926084","Type":"movie","DVD":"15 Apr 2011","BoxOffice":"$294,980,434","Production":"Warner Bros. Pictures","Website":"http://www.HarryPotter.com/","Response":"True"},
  {"Title":"Harry Potter and the Half-Blood Prince","Year":"2009","Rated":"PG","Released":"15 Jul 2009","Runtime":"153 min","Genre":"Adventure, Family, Fantasy","Director":"David Yates","Writer":"Steve Kloves (screenplay), J.K. Rowling (novel)","Actors":"Daniel Radcliffe, Michael Gambon, Dave Legeno, Elarica Johnson","Plot":"As Harry Potter begins his sixth year at Hogwarts, he discovers an old book marked as \"the property of the Half-Blood Prince\" and begins to learn more about Lord Voldemort's dark past.","Language":"English","Country":"UK, USA","Awards":"Nominated for 1 Oscar. Another 8 wins & 35 nominations.","Poster":"https://images-na.ssl-images-amazon.com/images/M/MV5BNzU3NDg4NTAyNV5BMl5BanBnXkFtZTcwOTg2ODg1Mg@@._V1_SX300.jpg","Ratings":[{"Source":"Internet Movie Database","Value":"7.6/10"},{"Source":"Rotten Tomatoes","Value":"84%"},{"Source":"Metacritic","Value":"78/100"}],"Metascore":"78","imdbRating":"7.6","imdbVotes":"371,913","imdbID":"tt0417741","Type":"movie","DVD":"08 Dec 2009","BoxOffice":"$301,920,409","Production":"Warner Bros. Pictures","Website":"http://www.harrypotter.com/","Response":"True"}
]